{
  "manifest_version": 1,
  "name": "自定义智能多模型图片生成插件（custom_pic_plugin）",
  "version": "3.4.1",
  "description": "智能多模型图片生成插件，支持文生图和图生图自动识别。兼容OpenAI、豆包、Gemini、魔搭等多种API格式。提供命令式风格转换、模型配置管理、结果缓存等功能。支持动态模型切换、风格别名、调试开关、智能参考搜索（内置搜索引擎）等高级特性。内置7个魔搭模型预设。本插件完全符合 MaiBot 插件开发标准。",
  "author": {
    "name": "Ptrel，Rabbit-Jia-Er，saberlights Kiuon，NGU-SprinG",
    "url": "https://github.com/1021143806/custom_pic_plugin"
  },
  "license": "AGPL-3.0",
  "host_application": {
    "min_version": "0.10.0"
  },
  "homepage_url": "https://github.com/1021143806/custom_pic_plugin",
  "repository_url": "https://github.com/1021143806/custom_pic_plugin",
  "keywords": [
    "画图",
    "表情",
    "AI",
    "图片",
    "魔搭"
  ],
  "categories": [
    "内容生成",
    "娱乐与互动"
  ],
  "default_locale": "zh-CN",
  "locales_path": "_locales",
  "plugin_info": {
    "is_built_in": false,
    "plugin_type": "image_generator",
    "components": [
      {
        "type": "action",
        "name": "draw_picture",
        "description": "智能图片生成，自动识别文生图/图生图",
        "activation_modes": [
          "keyword",
          "llm_judge"
        ],
        "keywords": [
          "画",
          "绘制",
          "生成图片",
          "画图",
          "图生图",
          "修改图片",
          "风格转换"
        ]
      },
      {
        "type": "command",
        "name": "pic_generation_command",
        "description": "风格化图生图命令：/dr <风格>",
        "pattern": "/dr"
      },
      {
        "type": "command",
        "name": "pic_config_command",
        "description": "模型配置管理：/dr list、/dr set等",
        "pattern": "/dr"
      },
      {
        "type": "command",
        "name": "pic_style_command",
        "description": "风格管理：/dr styles、/dr style等",
        "pattern": "/dr"
      }
    ],
    "features": [
      "智能文生图/图生图识别",
      "多API格式支持(OpenAI/豆包/Gemini/魔搭)",
      "命令式风格转换",
      "动态模型配置管理",
      "风格别名系统",
      "结果缓存机制",
      "调试开关控制",
      "支持图生图开关",
      "智能参考搜索功能（内置Bing搜图）",
      "自拍模式标准/对镜双模式负面提示词",
      "内置7个魔搭模型预设"
    ]
  }
}
